719.25,23656.4598,153.8065662,0.976903513,3.230873179,735.4309893,1165,513,652
180.605,1463.908518,38.26105746,1.374748038,5.165855186,184.5934858,330,122,208
181.14,1312.844623,36.2331978,1.416344415,5.718566949,184.7105303,331,118,213
183.27,1322.549849,36.36687846,1.356701769,5.206000152,186.8256674,311,114,197
181.845,1291.247211,35.93392841,1.494714687,5.507850596,185.343991,310,119,191
186.19,1308.848141,36.17800631,1.338640135,4.981003164,189.6550026,320,129,191
181.81,1349.481307,36.73528694,1.257968731,4.592652771,185.4659268,322,127,195
185.935,1325.468116,36.40697894,1.229043935,4.38536414,189.4483175,318,130,188
183.955,1308.927613,36.17910465,1.447846002,5.77693022,187.4615294,342,123,219
185.4,1444.371859,38.00489257,1.339825179,4.746449302,189.2361223,329,122,207
183.17,1168.041307,34.1766193,1.219607614,4.87212942,186.3154583,336,126,210
496.115,6802.65505,82.47820955,0.778142602,3.097441239,502.8903807,738,356,382
183.52,1284.622714,35.8416338,1.330322223,4.859871092,186.9700243,328,120,208
178.15,1384.610553,37.21035545,1.588264382,6.090264035,181.9755753,329,117,212
182.01,1440.894372,37.95911448,1.346941614,5.084365995,185.9067777,331,126,205
179.81,1309.63206,36.18883889,1.198824428,4.65320042,183.3977099,327,110,217
181,1131.678392,33.64042794,1.28635301,4.809791955,184.0842742,308,128,180
180.38,1279.754372,35.77365472,1.413011246,4.990341402,183.8757733,325,125,200
178.145,1243.772839,35.26716375,1.298875152,4.451931411,181.5852279,310,120,190
177.545,1474.028116,38.3930738,1.331824123,4.516921503,181.6284256,315,118,197
180.13,1337.993065,36.57858753,1.284487934,4.51240929,183.7882477,311,132,179
178.015,1351.673141,36.76510765,1.280882979,4.725635641,181.7532806,319,123,196
190.49,1488.894372,38.58619406,1.379003374,4.90490801,194.3396254,334,125,209
179.405,1233.930628,35.12734872,1.327500447,4.974055967,182.7947346,325,126,199
176.82,1134.057889,33.675776,1.205711249,4.310410724,179.9824991,317,117,200
179.37,1278.535779,35.75661867,1.396768479,5.042766852,182.8817651,315,129,186
175.715,1209.159573,34.77297187,1.290245,5.267200663,179.1057648,336,115,221
179.24,1204.625528,34.70771568,1.312039301,5.062280147,182.5529512,314,126,188
177.57,1326.57799,36.42221836,1.393110416,5.112298271,181.2485862,325,119,206
178.455,1228.721583,35.05312515,1.230396701,4.620817568,181.8481922,327,129,198
177.565,1145.654045,33.84751165,1.119287087,4.298483798,180.7463831,301,123,178
178.615,1199.464095,34.63328017,1.304654751,4.461530771,181.9252182,309,130,179
178.425,1353.702889,36.79270158,1.390254401,4.995001115,182.1604101,318,115,203
195.635,1289.569623,35.91057815,1.248807383,4.971160887,198.8873425,344,139,205
177.825,1215.069724,34.85785024,1.181529767,4.166601817,181.1925081,301,120,181
163.375,1063.793342,32.61584495,1.376163202,4.882967433,166.5829073,277,114,163
168.05,1111.525126,33.33954297,1.261401484,4.329199428,171.3089898,302,122,180
168.45,1132.359296,33.65054675,1.133444802,4.34679465,171.7617536,290,108,182
171.37,1190.324724,34.50108293,1.429890813,5.019550304,174.7914472,290,113,177
172.865,1301.433945,36.07539251,1.465584343,6.155331034,176.5707649,340,101,239
172.915,1304.218869,36.11397056,1.237111647,4.372921032,176.6275601,306,116,190
171.03,1232.119698,35.10156262,1.364290206,5.241867743,174.5772608,318,109,209
172.33,1201.237286,34.65887024,1.145612978,4.285410864,175.7636481,308,118,190
171.025,1165.642588,34.14150828,1.393591916,5.010953451,174.3828117,297,122,175
198.63,1375.229246,37.08408346,1.47924014,5.503327329,202.0451187,352,133,219
171.77,1091.132764,33.0322988,1.283722221,4.904809746,174.9017153,298,114,184
172.825,1155.592337,33.99400442,1.507398257,6.08922917,176.1201153,320,110,210
173.165,999.8570603,31.62051645,1.132077317,4.360688066,176.014133,277,120,157
172.16,1114.346131,33.38182336,1.212855075,4.496022933,175.3506202,298,113,185
173.93,1230.638291,35.08045455,1.58689623,6.543120076,177.4151346,339,115,224
171.165,1138.811834,33.74628623,1.195260723,4.575498365,174.4436155,304,117,187
173.015,1155.23093,33.98868826,1.356328769,4.746987895,176.3055444,309,122,187
170.835,1108.148518,33.28886477,1.352945287,5.458712559,174.0321953,325,115,210
171.79,1108.478291,33.29381762,1.160758483,4.123176735,174.9706833,286,118,168
171.445,967.725603,31.10828833,1.148449144,4.537532102,174.2305226,302,120,182
201.145,1425.622085,37.757411,1.353611031,4.936062918,204.6406729,346,134,212
173.06,1150.508945,33.91915307,1.433591519,5.236728557,176.3363831,297,118,179
159.985,1095.472136,33.09791739,1.281279034,4.772809765,163.3560375,272,100,172
162.58,1236.295075,35.16098797,1.4055989,4.964945908,166.320083,303,107,196
165.37,1214.555879,34.8504789,1.607513575,6.036405077,168.984378,306,116,190
166.965,1216.275151,34.87513657,1.426586554,5.325903481,170.5505937,313,112,201
161.355,1136.933643,33.71844663,1.467946052,5.272770815,164.8231931,291,108,183
165.655,1202.136658,34.67184244,1.096786841,3.989717046,169.2267857,284,109,175
162.835,1300.540477,36.06300705,1.573790583,5.62745942,166.7611316,303,113,190
165.54,1148.70191,33.89250521,1.363675038,5.097447681,168.9569472,291,106,185
165.97,1127.697588,33.58120885,1.341716293,5.274302268,169.3165674,315,103,212
175.395,1207.466307,34.74861589,1.234302578,4.433590171,178.787122,291,119,172
169.18,1277.997588,35.74909213,1.369355888,4.816949581,172.8973106,292,117,175
167.63,1140.787035,33.77553901,1.272402887,4.712676425,170.9821628,311,117,194
169.185,1100.965603,33.18080172,1.255960792,4.788170306,172.3920677,292,119,173
166.535,1239.998769,35.21361624,1.347538723,4.797522032,170.1990159,296,111,185
166.885,1141.489221,33.7859323,1.212200072,4.724690585,170.2538839,309,116,193
168.11,1268.178794,35.61149806,1.211180404,4.559774067,171.82203,297,111,186
169.255,1196.110528,34.58483089,1.177673514,4.562266228,172.7350138,313,111,202
166.045,1121.761784,33.4927124,1.477147097,5.362480896,169.3726513,311,117,194
169.825,1158.326005,34.03418877,1.396322937,5.659312578,173.18506,324,111,213
169.07,1161.985025,34.08790145,1.317110176,4.709100188,172.4553275,302,115,187
184.095,1461.915553,38.23500429,1.560633193,5.923286506,188.0041888,366,127,239
167.925,1101.366206,33.18683784,1.310369269,5.205806911,171.1568433,316,111,205
168.83,992.6242211,31.50593946,1.288252863,5.575964637,171.730108,317,113,204
