847.22,35853.92121,189.3513169,0.979123761,3.437149737,868.0186519,1453,593,860
211.305,1964.022085,44.31728879,1.446887994,5.097092186,215.8796077,375,146,229
169.675,1302.74309,36.09353253,1.467196943,5.574283279,173.4526881,321,115,206
186.23,1457.906633,38.18254357,1.489346642,5.846554287,190.0847969,370,124,246
170.66,1412.768241,37.5868094,1.407761786,4.994512356,174.7299059,313,112,201
190.065,1744.221884,41.76388254,1.41050162,4.92533859,194.5769899,332,116,216
185.115,1561.750528,39.51898946,1.278903667,4.700841084,189.2656995,336,120,216
197.1,1759.417085,41.94540601,1.362060806,4.589959699,201.4920098,345,134,211
195.81,1910.888342,43.71370885,1.564304097,5.710586581,200.606306,356,133,223
204.405,1770.995955,42.08320276,1.384839856,4.895716763,208.6709012,352,139,213
199.02,1700.281005,41.2344638,1.358486644,4.996453213,203.225835,357,136,221
582.855,10170.67736,100.8497762,0.869685889,3.143827136,591.472548,869,439,430
210.46,2005.857688,44.78680261,1.485175333,5.630969386,215.1493435,408,144,264
200.63,1561.500603,39.51582725,1.300395063,4.83805391,204.465376,364,135,229
208.675,1665.587312,40.81160756,1.284074937,4.755892674,212.608831,382,147,235
164.3,1585.296482,39.81578183,1.781623193,6.903996518,169.0321271,337,104,233
180.84,1606.898894,40.08614342,1.528103597,5.600892673,185.2079102,361,123,238
185.94,1772.981307,42.10678457,1.711379558,6.727428282,190.6247623,391,124,267
195.585,1686.143492,41.06267761,1.202629536,4.536779261,199.8279385,351,117,234
189.65,1580.590452,39.75664035,1.212651897,4.405129179,193.751929,333,129,204
201.35,1852.067839,43.03565776,1.398004585,5.147559176,205.8752778,357,137,220
191.185,1622.483191,40.28005947,1.617466927,5.832979869,195.3613959,347,137,210
202.515,1739.155553,41.70318396,1.509994954,5.418825712,206.7432828,354,140,214
202.18,1787.29407,42.27640087,1.352280258,4.838657496,206.5311357,360,140,220
201.53,1743.928744,41.76037289,1.552551457,5.656365374,205.7900629,370,138,232
206.145,1837.80299,42.8696045,1.446772104,5.303799417,210.5335484,366,133,233
204.525,1744.431533,41.76639238,1.421305496,5.201804251,208.7251422,375,141,234
211.9,1965.286432,44.3315512,1.320779162,4.938544554,216.4649394,373,141,232
195.73,1490.258392,38.60386499,1.453356122,5.698691495,199.481929,361,133,228
206.3,1687.236181,41.07598058,1.220835673,4.373326013,210.3294796,355,132,223
207.23,1699.172965,41.22102576,1.541837315,5.536867117,211.2698511,370,151,219
213.265,2005.713342,44.7851911,1.390114221,5.059723793,217.8936553,386,147,239
158.02,1282.240804,35.80839013,1.556846951,5.619770583,162.0066357,309,109,200
221.855,1875.280377,43.30450758,1.436128708,5.763537259,226.0211163,421,160,261
176.025,1297.411432,36.01959789,1.46415789,6.048253895,179.65446,343,112,231
146.58,1169.762412,34.2017896,1.65437187,6.125747224,150.4978737,281,88,193
165.4,1514.100503,38.91144436,1.611644634,6.421033484,169.8931723,343,102,241
160.34,1301.883819,36.08162717,1.479857998,5.693780283,164.3298208,318,103,215
176.76,1381.12804,37.16353105,1.205190584,4.599064197,180.6054263,327,116,211
157.405,1369.277362,37.00374794,1.681676584,6.223046902,161.6748744,309,103,206
173.55,1484.962312,38.53520873,1.520452105,5.091005016,177.7558438,316,123,193
175.69,1468.345628,38.31899827,1.344284864,4.825312758,179.7998331,318,117,201
185.76,1600.424523,40.00530618,1.560791715,6.104492032,189.9978947,366,122,244
185.725,1541.285804,39.25921298,1.308227428,4.891115758,189.8087327,339,122,217
200.83,1665.669447,40.81261383,1.622818971,5.878185236,204.9146896,363,145,218
195.71,1716.950653,41.43610326,1.497430005,5.743225167,200.0269232,379,137,242
188.365,1535.800779,39.18929419,1.3605302,5.052535138,192.3785201,345,124,221
198.705,1709.595955,41.34726055,1.299905787,5.304536326,202.9402006,385,133,252
196.405,1932.754749,43.96310668,1.312040307,4.625407158,201.2411861,348,133,215
202.64,1973.558191,44.42474751,1.469982705,5.143608029,207.4286865,375,141,234
199.305,1787.760779,42.28192024,1.286169589,4.807852219,203.7186908,345,126,219
207.885,1929.318367,43.92400673,1.434824689,4.83828207,212.4519828,369,143,226
197.47,1639.154874,40.48647767,1.295269208,4.742924598,201.5573368,366,137,229
204.765,1749.386709,41.82567045,1.20411818,4.787571137,208.9721154,378,122,256
197.48,1643.074975,40.53486123,1.441218793,5.721237172,201.5768092,367,131,236
218.85,1979.776382,44.49467813,1.242201452,4.607325505,223.3051724,397,143,254
206.665,1793.570628,42.35056822,1.30057924,4.553175465,210.9384389,367,151,216
156.135,1288.006809,35.88881175,1.661874389,6.175173531,160.1864695,311,105,206
173.02,1474.06995,38.39361861,1.561134049,5.978786202,177.2078441,327,112,215
169.745,1310.371834,36.19905847,1.392233399,5.197495381,173.543035,315,111,204
184.765,1635.326407,40.43916922,1.290954082,4.687718888,189.1170405,339,117,222
176.135,1627.403794,40.34109312,1.523938495,5.279909591,180.6731995,325,123,202
187.65,1475.575377,38.41321878,1.32777504,4.881224488,191.5221136,341,122,219
178.73,1434.097588,37.86948096,1.440482267,5.465304509,182.6782417,333,106,227
192.27,1543.876482,39.29219366,1.374189838,5.190773808,196.2241321,358,131,227
195.78,1755.006633,41.8927993,1.475763171,4.997942095,200.1900097,343,135,208
181.86,1571.256683,39.63908025,1.565782761,5.50960847,186.1087317,334,125,209
202.445,1734.208015,41.64382325,1.436691872,5.356602004,206.6628051,365,125,240
199.435,1822.267111,42.68802069,1.355504691,4.9466444,203.9300738,382,135,247
206.63,1861.048342,43.13986951,1.478576895,5.370191697,211.0632607,371,143,228
202.065,1561.709322,39.51846811,1.309363199,4.871195881,205.8741484,359,141,218
209.735,1687.904296,41.08411246,1.109157885,3.916201016,213.7012751,346,146,200
204.96,1720.129045,41.47443846,1.386357107,5.069874558,209.0935915,374,138,236
213.48,1847.808643,42.98614478,1.389115594,4.906261897,217.7436107,368,153,215
207.875,1834.210427,42.82768295,1.372502364,4.922554759,212.2193559,385,148,237
215.675,1757.356156,41.920832,1.385118454,4.964634261,219.6913175,382,150,232
206.965,1792.084196,42.33301544,1.445996081,5.478892168,211.2288688,386,146,240
196.825,1633.873744,40.42120413,1.627000615,6.574387827,200.9123814,394,137,257
215.26,1787.278794,42.27622019,1.309624679,4.871840655,219.3517951,375,149,226
202.395,1848.551734,42.99478728,1.529548585,5.683446727,206.8889678,368,134,234
