162.41,46622.02201,215.9213329,3.545692617,17.07692874,269.7515894,1473,33,1440
175.15,60390.34925,245.7444796,3.442813059,15.57362002,301.2738289,1533,30,1503
163.605,50918.04922,225.6502808,3.66782035,18.04780965,278.2625649,1566,38,1528
163.605,50918.04922,225.6502808,3.66782035,18.04780965,278.2625649,1566,38,1528
157.545,40777.3648,201.9340605,3.272746917,14.4294299,255.7223201,1217,35,1182
167.55,57445.91709,239.678779,3.625485565,17.34064219,291.9446694,1593,28,1565
165.12,51121.56342,226.1007815,3.494125732,16.2147915,279.5184609,1424,36,1388
153.755,39072.54771,197.6677711,3.364185226,15.51042581,250.0355675,1306,30,1276
157.995,42853.55274,207.0109967,3.29216924,14.67896047,260.0032788,1295,30,1265
156.52,42198.1202,205.4218104,3.433259206,15.90639365,257.8480948,1307,31,1276
154.295,40784.00802,201.9505088,3.5057107,16.71779334,253.7460049,1393,31,1362
161.425,43994.46671,209.7485798,3.394070703,15.58767111,264.2584436,1317,30,1287
160.57,44983.1207,212.0922457,3.37477456,15.24485062,265.5954254,1277,24,1253
152.795,38821.12862,197.0307809,3.393539998,15.69214851,248.9444416,1338,29,1309
154.075,40695.19535,201.7305018,3.455260985,16.14832078,253.4380102,1320,30,1290
160.14,46539.04563,215.7291024,3.603281269,17.45538778,268.2371525,1434,32,1402
163.08,50819.43075,225.4316543,3.472943137,16.05743332,277.7776449,1428,30,1398
157.395,46467.01405,215.5620886,3.670336245,18.14998808,266.4730099,1517,36,1481
152.395,39131.68741,197.8173082,3.441650828,15.87458304,249.3196041,1253,30,1223
164.11,52145.44513,228.3537719,3.632969655,17.69065348,280.7433169,1560,27,1533
149,35294.95477,187.8695153,3.486232115,16.8116296,239.41487,1321,33,1288
159.305,47859.10751,218.7672451,3.584327674,17.18653197,270.1812262,1486,31,1455
163.505,46024.44219,214.5330795,3.394934865,15.44877914,269.3106106,1332,32,1300
153.865,41042.13746,202.5885916,3.373477701,15.23066765,253.9908758,1269,34,1235
151.405,38658.39294,196.617377,3.466792958,16.38852826,247.767179,1320,26,1294
147.8,34314.51256,185.2417679,3.442147843,16.30527158,236.6173705,1268,30,1238
162.53,50334.68251,224.3539224,3.538005121,16.60704931,276.584544,1440,32,1408
161.345,49099.22209,221.5834427,3.582133138,17.20232845,273.6529463,1428,34,1394
165.545,53261.04319,230.7835419,3.539157415,16.30536468,283.5487348,1425,33,1392
151.91,39003.29839,197.4925274,3.42796414,15.94815564,248.7668185,1312,34,1278
153.52,38169.84884,195.3710543,3.409452894,15.7090574,248.0874644,1252,39,1213
162.765,51752.99475,227.4928455,3.594142489,17.10194251,279.2609443,1476,38,1438
162.765,51752.99475,227.4928455,3.594142489,17.10194251,279.2609443,1476,38,1438
158.305,40841.50952,202.092824,3.342856047,15.49474402,256.315772,1366,34,1332
151.925,38841.92902,197.0835585,3.387733323,15.4840251,248.453064,1246,36,1210
161.89,49823.58583,223.2119751,3.553089044,16.79914984,275.2868322,1448,34,1414
164.81,53602.01397,231.5210875,3.569967262,16.89125304,283.7187692,1517,29,1488
162.495,51805.78892,227.6088507,3.564326024,16.77933306,279.1977525,1430,30,1400
158.935,46865.24701,216.4838262,3.651932448,18.1021817,268.1254464,1515,26,1489
151.575,36822.13505,191.8909457,3.358470151,15.41256673,244.1577461,1247,31,1216
161.85,51014.24874,225.8633409,3.569981404,16.79953765,277.4069213,1461,30,1431
162.24,50214.21347,224.0852817,3.655850307,17.8500232,276.1973208,1491,33,1458
155.3,41722.81407,204.2616314,3.449987617,16.25149873,256.1879974,1387,33,1354
152.715,37700.31535,194.1656905,3.33803485,15.33069642,246.644856,1289,30,1259
178.555,63871.95676,252.7290184,3.513987117,16.23705799,308.9247238,1627,29,1598
152.585,40211.63093,200.5283794,3.399213154,15.57049866,251.580514,1251,32,1219
152.995,39666.38691,199.164221,3.463758023,16.26167369,250.7499252,1288,35,1253
156.54,46697.19437,216.0953363,3.646156611,17.76180668,266.3990991,1499,36,1463
160.17,48917.85035,221.1738012,3.577137373,16.92802808,272.6310511,1406,29,1377
162.515,49461.19575,222.3987315,3.498047891,16.31944329,275.0000273,1420,34,1386
151.055,38358.77585,195.8539656,3.529410749,16.87277527,246.9505922,1292,35,1257
153.64,39822.11095,199.5547818,3.361960269,15.29747451,251.4522818,1248,34,1214
161.76,49732.36422,223.007543,3.563165486,16.8008429,275.0454508,1467,33,1434
150.795,37472.71656,193.5787089,3.410464347,15.73172583,244.998949,1277,30,1247
159.07,48030.16593,219.1578562,3.712116436,18.49082584,270.357689,1515,31,1484
159.905,44274.35776,210.414728,3.410229837,15.52479852,263.8609388,1358,34,1324
153.38,38849.71417,197.1033084,3.32267494,14.94100935,249.3609633,1259,35,1224
159.09,47464.16271,217.8627153,3.576828768,17.01799087,269.3259549,1401,34,1367
151.29,38730.68935,196.8011416,3.519668862,16.80748957,247.8420868,1320,31,1289
153.325,41475.94912,203.6564488,3.433379315,15.89434078,254.5135065,1313,34,1279
154.54,42011.02352,204.9659082,3.449721617,15.87416839,256.2880801,1275,35,1240
162.95,50488.3995,224.6962383,3.586832045,17.10731232,277.1076686,1486,31,1455
162.91,50320.61497,224.322569,3.624833067,17.56170683,276.7827307,1520,30,1490
161.16,47601.80342,218.1783752,3.597533052,17.35256884,270.8068315,1509,37,1472
153.275,38703.2657,196.7314558,3.315565052,14.83534306,249.0039658,1205,33,1172
147.645,33783.53666,183.8029833,3.356271695,15.54345028,235.4010726,1250,32,1218
157.48,39544.93427,198.8590814,3.367159168,15.44004255,253.2728963,1310,35,1275
149.535,36250.03897,190.39443,3.432473878,16.31114505,241.721958,1310,34,1276
149.64,36804.26171,191.8443685,3.453531739,16.21619795,242.9246179,1306,33,1273
152.855,39245.06932,198.1036833,3.447099164,16.30924759,249.8269301,1327,27,1300
150.135,37797.12239,194.4148204,3.44823717,16.24170864,245.2522273,1311,33,1278
162.97,50117.75789,223.8699575,3.606511719,17.5569984,276.4532329,1556,25,1531
152.865,39011.57465,197.5134797,3.517993563,16.79698227,249.3676503,1322,26,1296
153.08,38892.18452,197.2110152,3.415025372,16.04933929,249.2613287,1365,30,1335
151.8,37863.49749,194.5854503,3.404673478,15.76170657,246.4090502,1265,29,1236
159.125,46695.09485,216.0904784,3.597045028,17.32170434,267.9223488,1424,36,1388
158.8,46921.78894,216.6143784,3.670278855,18.25664851,268.1503683,1497,26,1471
153.435,37152.23696,192.7491555,3.371994311,15.72764016,245.9853146,1309,29,1280
161.725,51001.2255,225.8345091,3.56964905,16.90894796,277.3106471,1504,30,1474
159.495,43949.61807,209.641642,3.491794358,16.43561741,262.999097,1334,37,1297
